{
  "COMMENT_0a": " ",
  "COMMENT_0b": "This is mock header for testing",
  "COMMENT_0c": " ",
  "THINX_ALIAS": "ESP8266-EAV-DevA",
  "THINX_OWNER": "cedc16bb6bb06daaa3ff6d30666d91aacd6e3efbf9abbc151b4dcade59af7c12",
  "THINX_API_KEY": "******************************81d35b35a7ea1705e77b7d356a8447dcc3",
  "THINX_COMMIT_ID": "95f2ae0f16e10fc58712c427c8f5166a55c4f12f",
  "THINX_FIRMWARE_VERSION_SHORT": "2.17.200",
  "THINX_FIRMWARE_VERSION": "thinx-firmware-esp8266-pio:2.17.200",
  "THINX_UDID": "0732b160-5d36-11e8-9099-57dcf9395a29",
  "THINX_CLOUD_URL": "app.thinx.cloud",
  "THINX_MQTT_URL": "mosquitto",
  "THINX_AUTO_UPDATE": true,
  "THINX_MQTT_PORT": 1883,
  "THINX_API_PORT": 7442,
  "THINX_PROXY": "thinx.local",
  "THINX_PLATFORM": "platformio:esp8266",
  "THINX_APP_VERSION": "thinx-firmware-esp8266-pio:2.17.200",
  "THINX_ENV_SSID": "",
  "THINX_ENV_PASS": "",
  "THINX_API_PORT_SECURE": 7443,
  "THINX_FORCED_UPDATE": false
}
